<keymap version="1" name="macOS copy" parent="Mac OS X 10.5+">
  <action id="ActivateBlazeConsoleToolWindow">
    <keyboard-shortcut first-keystroke="shift meta 1" />
  </action>
  <action id="Blaze.PartialSync">
    <keyboard-shortcut first-keystroke="shift ctrl l" />
  </action>
  <action id="FileChooser.LightEditGotoOpenedFile">
    <keyboard-shortcut first-keystroke="shift ctrl f" />
  </action>
  <action id="GotoAction">
    <keyboard-shortcut first-keystroke="shift meta p" />
  </action>
  <action id="ProjectView.AutoscrollFromSource">
    <keyboard-shortcut first-keystroke="shift ctrl escape" />
  </action>
  <action id="Resume">
    <keyboard-shortcut first-keystroke="meta alt r" />
    <keyboard-shortcut first-keystroke="f9" />
    <keyboard-shortcut first-keystroke="alt 4" />
  </action>
  <action id="Scala.SendSelectionToConsole" />
  <action id="Scala.ShowImplicitArguments" />
  <action id="Scala.ShowImplicits">
    <keyboard-shortcut first-keystroke="shift ctrl alt equals" />
    <keyboard-shortcut first-keystroke="shift ctrl alt add" />
  </action>
  <action id="SmartStepInto">
    <keyboard-shortcut first-keystroke="shift f7" />
    <keyboard-shortcut first-keystroke="alt 2" />
  </action>
  <action id="StepOut">
    <keyboard-shortcut first-keystroke="shift f8" />
    <keyboard-shortcut first-keystroke="alt 3" />
  </action>
  <action id="StepOver">
    <keyboard-shortcut first-keystroke="f8" />
    <keyboard-shortcut first-keystroke="alt 1" />
  </action>
  <action id="ToggleDistractionFreeMode">
    <keyboard-shortcut first-keystroke="shift ctrl z" />
  </action>
  <action id="TogglePresentationMode">
    <keyboard-shortcut first-keystroke="shift ctrl x" />
  </action>
</keymap>