<profile version="1.0">
  <option name="myName" value="Default" />
  <inspection_tool class="PyPep8Inspection" enabled="true" level="WEAK WARNING" enabled_by_default="true">
    <option name="ignoredErrors">
      <!-- From [pycheck-pep8] in source/pants.ini -->
      <list>
        <option value="E111" />
        <option value="E114" />
        <option value="E121" />
        <option value="E124" />
        <option value="E125" />
        <option value="E127" />
        <option value="E128" />

        <option value="E301" />
        <option value="E302" />

        <option value="E401" />

        <option value="E701" />

        <option value="W291" />
        <option value="W292" />
        <option value="W293" />
      </list>
    </option>
  </inspection_tool>
</profile>
