<filetype binary="false" description="Strato Query Language" name="StratoQl (Syntax Only)">
  <highlighting>
    <options>
      <option name="LINE_COMMENT" value="//" />
      <option name="COMMENT_START" value="/*" />
      <option name="COMMENT_END" value="*/" />
      <option name="HEX_PREFIX" value="" />
      <option name="NUM_POSTFIXES" value="LSB" />
      <option name="HAS_BRACES" value="true" />
      <option name="HAS_BRACKETS" value="true" />
      <option name="HAS_PARENS" value="true" />
      <option name="HAS_STRING_ESCAPES" value="true" />
    </options>
    <keywords keywords="case;else;for;if;match;type;val;yield" ignore_case="false" />
    <keywords2 keywords="AggregationKeyEncoding;Alias;AllOf;AllowAll;AllowKeyArgTwitterUserId;AllowKeyAuthenticatedTwitterUserId;AllowKeyTwitterUserId;AllowTwitterUserId;Allowed;AnyOf;AnyPrincipal;AudienceCollectionMonoid;AuroraProcess;AuroraProcessPattern;AuthenticatedTwitterUserId;BouncerAccess;ClientApplicationPrivilege;ConfigBusColumn;CustomMapping;CustomOpKey;DataRecordAggregationMonoid;DeciderColumn;EventBusColumn;EventBusFilter;Federated;FromColumns;Has;HasUserRole;HttpColumn;HttpOpConfig;LdapGroup;LdapUser;MValEncoding;Managed;ManhattanClientBijectionsEncoding;ManhattanColumn;ManhattanIndexColumn;MemcacheColumn;MemcacheConfig;Migration;MultiDcHttpClientConfig;NativeEncoding;NegativeCacheColumn;NighthawkConfig;Op.delete;Op.execute;Op.fetch;Op.insert;Op.invalidate;Op.put;Op.scan;Path;PkeyLkey;Prefix;Prohibited;QueryFilter;ReadOnly;ReadWritePolicy;RejectAll;RendezvousColumn;ScribeFilter;SimClustersTweetTopKMonoid;Simple;SimpleHttpClientConfig;SinglePkey;SummingbirdColumn;SummingbirdOnlineStore;TestFilter;ThriftColumn;ThriftEncoding;TwitterUserId;UserVertexMonoid" />
    <keywords3 keywords="@Enum;@GraphQlFieldName;@GraphQlName;@Optional;@ThriftTag;Binary;Boolean;Byte;Double;Duration;Int;Long;Map;None;Nothing;Option;Packed;Seq;Set;Short;Some;String;Type;Unit" />
    <keywords4 keywords="Delete;Execute;Fetch;Insert;Invalidate;Key;Keyarg;Put;Scan;Scanarg;Slice;Value;View" />
  </highlighting>
  <extensionMap>
    <mapping ext="strato" />
  </extensionMap>
</filetype>
