<application>
  <component name="DebuggerSettings">
    <filter>
      <option name="PATTERN" value="com.sun.*" />
      <option name="ENABLED" value="true" />
      <option name="INCLUDE" value="true" />
    </filter>
    <filter>
      <option name="PATTERN" value="java.*" />
      <option name="ENABLED" value="true" />
      <option name="INCLUDE" value="true" />
    </filter>
    <filter>
      <option name="PATTERN" value="javax.*" />
      <option name="ENABLED" value="true" />
      <option name="INCLUDE" value="true" />
    </filter>
    <filter>
      <option name="PATTERN" value="org.omg.*" />
      <option name="ENABLED" value="true" />
      <option name="INCLUDE" value="true" />
    </filter>
    <filter>
      <option name="PATTERN" value="sun.*" />
      <option name="ENABLED" value="true" />
      <option name="INCLUDE" value="true" />
    </filter>
    <filter>
      <option name="PATTERN" value="jdk.internal.*" />
      <option name="ENABLED" value="true" />
      <option name="INCLUDE" value="true" />
    </filter>
    <filter>
      <option name="PATTERN" value="junit.*" />
      <option name="ENABLED" value="true" />
      <option name="INCLUDE" value="true" />
    </filter>
    <filter>
      <option name="PATTERN" value="com.intellij.rt.*" />
      <option name="ENABLED" value="true" />
      <option name="INCLUDE" value="true" />
    </filter>
    <filter>
      <option name="PATTERN" value="com.yourkit.runtime.*" />
      <option name="ENABLED" value="true" />
      <option name="INCLUDE" value="true" />
    </filter>
    <filter>
      <option name="PATTERN" value="com.springsource.loaded.*" />
      <option name="ENABLED" value="true" />
      <option name="INCLUDE" value="true" />
    </filter>
    <filter>
      <option name="PATTERN" value="org.springsource.loaded.*" />
      <option name="ENABLED" value="true" />
      <option name="INCLUDE" value="true" />
    </filter>
    <filter>
      <option name="PATTERN" value="javassist.*" />
      <option name="ENABLED" value="true" />
      <option name="INCLUDE" value="true" />
    </filter>
    <filter>
      <option name="PATTERN" value="org.apache.webbeans.*" />
      <option name="ENABLED" value="true" />
      <option name="INCLUDE" value="true" />
    </filter>
    <filter>
      <option name="PATTERN" value="com.ibm.ws.*" />
      <option name="ENABLED" value="true" />
      <option name="INCLUDE" value="true" />
    </filter>
    <filter>
      <option name="PATTERN" value="kotlin.*" />
      <option name="ENABLED" value="true" />
      <option name="INCLUDE" value="true" />
    </filter>
  <capture-points>

	

	
	<capture-point capture-key-expression="k" class-name="com.twitter.util.Promise" enabled="true" insert-class-name="com.twitter.util.Promise$Monitored" insert-key-expression="k" insert-method-name="apply" method-name="respond" />

	
	<capture-point capture-key-expression="f" class-name="com.twitter.util.Promise" enabled="true" insert-class-name="com.twitter.util.Promise$FutureTransformer" insert-key-expression="this.f" insert-method-name="liftedTree1$1" method-name="transform" />

	
	<capture-point capture-key-expression="k" class-name="com.twitter.util.ConstFuture" enabled="true" insert-class-name="com.twitter.util.ConstFuture$$anon$1" insert-key-expression="k" insert-method-name="run" method-name="respond" />

	
	<capture-point capture-key-expression="f" class-name="com.twitter.util.ConstFuture" enabled="true" insert-class-name="com.twitter.util.ConstFuture$$anon$2" insert-key-expression="f" insert-method-name="run" method-name="transform" />
</capture-points></component>
  <component name="XDebuggerSettings">
    <data-views />
    <general />
    <debuggers>
      <debugger id="kotlin_debugger">
        <configuration>
          <option name="DEBUG_IS_FILTER_FOR_STDLIB_ALREADY_ADDED" value="true" />
        </configuration>
      </debugger>
    </debuggers>
  </component>
</application>
