<application>
  <component name="ProjectManager">
    <defaultProject>
      <component name="PantsLocalSettings">
        <option name="projectSyncType">
          <map>
            <entry key="$USER_HOME$/workspace/source/cim/pacman" value="PREVIEW" />
          </map>
        </option>
      </component>
      <component name="ProjectRootManager" version="2" languageLevel="JDK_1_8" default="true" assert-keyword="true" jdk-15="true" project-jdk-name="1.8" project-jdk-type="JavaSDK" />
      <component name="PropertiesComponent">
        <property name="settings.editor.selected.configurable" value="preferences.lookFeel" />
      </component>
      <component name="ThriftCompiler">
        <compilers />
      </component>
      <component name="masterDetails">
        <states>
          <state key="ProjectJDKs.UI">
            <settings>
              <last-edited>1.8</last-edited>
              <splitter-proportions>
                <option name="proportions">
                  <list>
                    <option value="0.2" />
                  </list>
                </option>
              </splitter-proportions>
            </settings>
          </state>
        </states>
      </component>
    </defaultProject>
  </component>
</application>