<profile version="1.0">
  <option name="myName" value="stripe-default" />
  <inspection_tool class="ActorMutableStateInspection" enabled="false" level="WARNING" enabled_by_default="false" />
  <inspection_tool class="AppropriateActorConstructorNotFound" enabled="false" level="WARNING" enabled_by_default="false" />
  <inspection_tool class="Play2BadFileNameInspection" enabled="false" level="WARNING" enabled_by_default="false" />
  <inspection_tool class="Play2RoutingActionInspection" enabled="false" level="WARNING" enabled_by_default="false" />
  <inspection_tool class="Play2RoutingUrlClashInspection" enabled="false" level="WARNING" enabled_by_default="false" />
  <inspection_tool class="Play2UnresolvedResource" enabled="false" level="WARNING" enabled_by_default="false" />
  <inspection_tool class="PropsFactoryMethodExists" enabled="false" level="WARNING" enabled_by_default="false" />
  <inspection_tool class="ScalaStyle" enabled="false" level="WARNING" enabled_by_default="false" />
  <inspection_tool class="SimplifyFactoryMethod" enabled="false" level="WARNING" enabled_by_default="false" />
  <inspection_tool class="Specs2Matchers" enabled="false" level="WARNING" enabled_by_default="false" />
</profile>