<toolSet name="External Tools">
  <tool name="Open in phabricator" showInMainMenu="true" showInEditor="true" showInProject="true" showInSearchPopup="true" disabled="false" useConsole="false" showConsoleOnStdOut="false" showConsoleOnStdErr="false" synchronizeAfterRun="true">
    <exec>
      <option name="COMMAND" value="open" />
      <option name="PARAMETERS" value="https://phabricator.twitter.biz/source/source/browse/master/$FileRelativePath$$$SelectionStartLine$-$SelectionEndLine$" />
      <option name="WORKING_DIRECTORY" value="$ProjectFileDir$" />
    </exec>
  </tool>
  <tool name="Copy phabricator link" showInMainMenu="true" showInEditor="true" showInProject="true" showInSearchPopup="true" disabled="false" useConsole="false" showConsoleOnStdOut="false" showConsoleOnStdErr="false" synchronizeAfterRun="true">
    <exec>
      <option name="COMMAND" value="bash" />
      <option name="PARAMETERS" value="-c &quot;echo 'https://phabricator.twitter.biz/source/source/browse/master/$FileRelativePath$$$SelectionStartLine$-$SelectionEndLine$' | pbcopy&quot;" />
      <option name="WORKING_DIRECTORY" value="$ProjectFileDir$" />
    </exec>
  </tool>
  <tool name="Open in cgit" showInMainMenu="true" showInEditor="true" showInProject="true" showInSearchPopup="true" disabled="false" useConsole="false" showConsoleOnStdOut="false" showConsoleOnStdErr="false" synchronizeAfterRun="true">
    <exec>
      <option name="COMMAND" value="open" />
      <option name="PARAMETERS" value="https://cgit.twitter.biz/source/tree/$FileRelativePath$#n$SelectionStartLine$" />
      <option name="WORKING_DIRECTORY" value="$ProjectFileDir$" />
    </exec>
  </tool>
  <tool name="Copy cgit link" showInMainMenu="true" showInEditor="true" showInProject="true" showInSearchPopup="true" disabled="false" useConsole="false" showConsoleOnStdOut="false" showConsoleOnStdErr="false" synchronizeAfterRun="true">
    <exec>
      <option name="COMMAND" value="bash" />
      <option name="PARAMETERS" value="-c &quot;echo 'https://cgit.twitter.biz/source/tree/$FileRelativePath$#n$SelectionStartLine$' | pbcopy&quot;" />
      <option name="WORKING_DIRECTORY" value="$ProjectFileDir$" />
    </exec>
  </tool>
</toolSet>